{
  "three_month": [
    -0.22355105007213597,
    -0.20129179168998393
  ],
  "dec2024_to_now": [
    -0.6249999999999999,
    -0.6249999999999997,
    -0.6249999999999997,
    -0.6249999999999999,
    -0.6249999999999999
  ],
  "two_day": [
    -0.01597800963452691,
    -0.016108684893306212,
    -0.017857142857142856,
    -0.017857142857142856
  ],
  "week": [
    -0.05342089834236967,
    -0.04025382657004971
  ],
  "month": [
    -0.11176582320134876,
    -0.11176582320134876
  ]
}