{
  "three_month": [
    -0.22355105007213597
  ],
  "dec2024_to_now": [
    -0.6249999999999999
  ],
  "two_day": [
    -0.01597800963452691
  ]
}