{
  "three_month": [
    -0.22355105007213597
  ],
  "dec2024_to_now": [
    -0.6249999999999999,
    -0.6249999999999997,
    -0.6249999999999997
  ],
  "two_day": [
    -0.01597800963452691,
    -0.016108684893306212
  ],
  "week": [
    -0.05342089834236967
  ]
}